--
-- PostgreSQL database dump
--

-- Dumped from database version 15.2
-- Dumped by pg_dump version 15.2

SET statement_timeout = 0;
SET lock_timeout = 0;
SET idle_in_transaction_session_timeout = 0;
SET client_encoding = 'UTF8';
SET standard_conforming_strings = on;
SELECT pg_catalog.set_config('search_path', '', false);
SET check_function_bodies = false;
SET xmloption = content;
SET client_min_messages = warning;
SET row_security = off;

SET default_tablespace = '';

SET default_table_access_method = heap;

--
-- Name: cuvinte; Type: TABLE; Schema: public; Owner: postgres
--

CREATE TABLE public.cuvinte (
    "Id" integer NOT NULL,
    "Termen" character varying(200) NOT NULL,
    "Definitie" text NOT NULL,
    "DefinitieRo" text,
    "ExemplePropozitii" text NOT NULL,
    "CaleImagini" text,
    "Pronuntie" character varying(200),
    "Limba" character varying(50) NOT NULL,
    "Nivel" integer NOT NULL,
    "Etichete" character varying(500),
    "DataAdaugarii" timestamp without time zone NOT NULL,
    "Tip" integer DEFAULT 1 NOT NULL,
    "Domeniu" integer DEFAULT 0 NOT NULL
);


ALTER TABLE public.cuvinte OWNER TO postgres;

--
-- Name: cuvinte_Id_seq; Type: SEQUENCE; Schema: public; Owner: postgres
--

ALTER TABLE public.cuvinte ALTER COLUMN "Id" ADD GENERATED BY DEFAULT AS IDENTITY (
    SEQUENCE NAME public."cuvinte_Id_seq"
    START WITH 1
    INCREMENT BY 1
    NO MINVALUE
    NO MAXVALUE
    CACHE 1
);


--
-- Name: progres_cuvinte; Type: TABLE; Schema: public; Owner: postgres
--

CREATE TABLE public.progres_cuvinte (
    "Id" integer NOT NULL,
    "UtilizatorId" integer NOT NULL,
    "CuvantId" integer NOT NULL,
    "NivelCunoastere" smallint NOT NULL,
    "DataUrmatoareiRevizuiri" date NOT NULL,
    "IntervalCurentZile" integer NOT NULL,
    "NrRaspunsuriCorecte" integer NOT NULL,
    "NrRaspunsuriGresite" integer NOT NULL,
    "DataPrimeiIntalniri" timestamp without time zone NOT NULL,
    "DataUltimeiRevizuiri" timestamp without time zone,
    "ProgresStartUrmator" integer DEFAULT 0 NOT NULL,
    "EsteIgnorat" boolean DEFAULT false NOT NULL
);


ALTER TABLE public.progres_cuvinte OWNER TO postgres;

--
-- Name: progres_cuvinte_Id_seq; Type: SEQUENCE; Schema: public; Owner: postgres
--

ALTER TABLE public.progres_cuvinte ALTER COLUMN "Id" ADD GENERATED BY DEFAULT AS IDENTITY (
    SEQUENCE NAME public."progres_cuvinte_Id_seq"
    START WITH 1
    INCREMENT BY 1
    NO MINVALUE
    NO MAXVALUE
    CACHE 1
);


--
-- Name: raspunsuri_detaliate; Type: TABLE; Schema: public; Owner: postgres
--

CREATE TABLE public.raspunsuri_detaliate (
    "Id" integer NOT NULL,
    "ProgresCuvantId" integer NOT NULL,
    "SesiuneId" integer,
    "TipRaspuns" integer NOT NULL,
    "Calitate" integer NOT NULL,
    "EsteCorect" boolean NOT NULL,
    "TimpRaspunsSec" integer NOT NULL,
    "TextTastat" character varying(200),
    "Timestamp" timestamp without time zone NOT NULL
);


ALTER TABLE public.raspunsuri_detaliate OWNER TO postgres;

--
-- Name: raspunsuri_detaliate_Id_seq; Type: SEQUENCE; Schema: public; Owner: postgres
--

ALTER TABLE public.raspunsuri_detaliate ALTER COLUMN "Id" ADD GENERATED BY DEFAULT AS IDENTITY (
    SEQUENCE NAME public."raspunsuri_detaliate_Id_seq"
    START WITH 1
    INCREMENT BY 1
    NO MINVALUE
    NO MAXVALUE
    CACHE 1
);


--
-- Name: sesiuni_studiu; Type: TABLE; Schema: public; Owner: postgres
--

CREATE TABLE public.sesiuni_studiu (
    "Id" integer NOT NULL,
    "UtilizatorId" integer NOT NULL,
    "DataSesiunii" timestamp without time zone NOT NULL,
    "DataSfarsitului" timestamp without time zone,
    "NrCarduriVazute" integer NOT NULL,
    "NrCorect" integer NOT NULL,
    "NrGresit" integer NOT NULL,
    "DurataSec" integer NOT NULL
);


ALTER TABLE public.sesiuni_studiu OWNER TO postgres;

--
-- Name: sesiuni_studiu_Id_seq; Type: SEQUENCE; Schema: public; Owner: postgres
--

ALTER TABLE public.sesiuni_studiu ALTER COLUMN "Id" ADD GENERATED BY DEFAULT AS IDENTITY (
    SEQUENCE NAME public."sesiuni_studiu_Id_seq"
    START WITH 1
    INCREMENT BY 1
    NO MINVALUE
    NO MAXVALUE
    CACHE 1
);


--
-- Name: utilizatori; Type: TABLE; Schema: public; Owner: postgres
--

CREATE TABLE public.utilizatori (
    "Id" integer NOT NULL,
    "NumeUtilizator" character varying(50) NOT NULL,
    "Email" character varying(200) NOT NULL,
    "ParolaHash" character varying(255) NOT NULL,
    "DataInregistrarii" timestamp without time zone NOT NULL,
    "UltimaAutentificare" timestamp without time zone,
    "CarduriNoiPerZi" integer NOT NULL,
    "MaxCarduriPerSesiune" integer NOT NULL,
    "Rol" integer DEFAULT 0 NOT NULL
);


ALTER TABLE public.utilizatori OWNER TO postgres;

--
-- Name: utilizatori_Id_seq; Type: SEQUENCE; Schema: public; Owner: postgres
--

ALTER TABLE public.utilizatori ALTER COLUMN "Id" ADD GENERATED BY DEFAULT AS IDENTITY (
    SEQUENCE NAME public."utilizatori_Id_seq"
    START WITH 1
    INCREMENT BY 1
    NO MINVALUE
    NO MAXVALUE
    CACHE 1
);


--
-- Data for Name: cuvinte; Type: TABLE DATA; Schema: public; Owner: postgres
--

COPY public.cuvinte ("Id", "Termen", "Definitie", "DefinitieRo", "ExemplePropozitii", "CaleImagini", "Pronuntie", "Limba", "Nivel", "Etichete", "DataAdaugarii", "Tip", "Domeniu") FROM stdin;
650	pivot	To make a strategic shift in direction, often by a company changing its business model after initial plans fail.	A face o schimbare strategică de direcție, adesea de către o companie care își schimbă modelul de afaceri după ce planurile inițiale eșuează.	After two years of declining sales, the founders decided to [TERMEN] from hardware to subscription software.|Slack famously [TERMEN]ed from a failed video game into one of the most valuable workplace tools ever built.	097ab6b6d4e24564928f8f40d243c7b6.jpg|8b06203d8b824d869159e9586ecb30ff.webp	/ˈpɪv.ət/	engleza	3	C1, verb	2026-05-30 12:19:35.595636	2	1
651	runway	The amount of time a startup can survive before running out of cash, given current spending and revenue.	Cantitatea de timp în care un startup poate supraviețui înainte de a rămâne fără bani, având în vedere cheltuielile și veniturile curente.	With six months of [TERMEN] left, the team had to either close a funding round or significantly cut costs.|Investors pushed back, asking how the company planned to extend its [TERMEN] without diluting equity further.	21559b7b33fd49b99eddf180df4a25e4.jpg|c7c62336cbc84c9ab07cc6549633e49d.jpg	/ˈrʌn.weɪ/	engleza	3	C1, substantiv	2026-05-30 12:19:35.595636	1	1
652	stakeholder	Anyone affected by or having interest in a decision or project — employees, customers, investors, the community.	Oricine este afectat de sau are un interes într-o decizie sau proiect — angajați, clienți, investitori, comunitatea.	Before the merger, we held listening sessions with every internal [TERMEN] from the cleaning staff to the board.|Climate activism has forced companies to consider [TERMEN]s far beyond their shareholders, including future generations.	9e3316feb03d458ca17309d94ca8f07f.jpg|6580703ee2a849a0851691f557e645fb.jpg	/ˈsteɪkˌhəʊl.dər/	engleza	2	B2, substantiv	2026-05-30 12:19:35.595636	1	1
653	disruption	A major change to an established industry, usually caused by new technology or business models making the old ones obsolete.	O schimbare majoră într-o industrie consacrată, de obicei cauzată de noi tehnologii sau modele de afaceri care le fac pe cele vechi învechite.	Netflix's streaming-only [TERMEN] killed Blockbuster within a decade, despite Blockbuster having every advantage on paper.|AI-driven [TERMEN] in white-collar work is moving faster than most regulators or unions are prepared for.	1e955514e7d24300b2eaa21694e1a647.jpg|cb27123c0dfe43f08f49c7824d8d1fc3.webp	/dɪsˈrʌp.ʃən/	engleza	3	C1, substantiv	2026-05-30 12:19:35.595636	1	1
654	streamline	To redesign a process to make it simpler, faster, and more efficient by removing unnecessary steps.	A reproiecta un proces pentru a-l face mai simplu, mai rapid și mai eficient prin eliminarea pașilor inutili.	After hiring the new COO, they [TERMEN]d order fulfilment from twelve steps down to four, cutting delivery time in half.|Modern UX design tries to [TERMEN] checkout so aggressively that even a single extra click reduces conversion by several percent.	1cb093c9d12042ea986dd0a141018daa.webp|f1de4efa56474cad9356a4160ddddc0c.jpg	/ˈstriːm.laɪn/	engleza	3	B2, verb	2026-05-30 12:19:35.595636	2	1
656	bottleneck	The slowest part of a process that limits the overall speed or output, even if everything else runs fast.	Cea mai lentă parte a unui proces care limitează viteza sau producția generală, chiar dacă restul rulează rapid.	The factory could produce a thousand units per hour, but packaging became the [TERMEN] and capped real output at four hundred.|Hiring is the current [TERMEN] in our growth — engineering can build faster than recruiting can find qualified candidates.	0887cb2a43d6436fbfdb3e52e955e2b2.webp|8941665c8e2b417dbd875864caf4d5a5.jpg	/ˈbɒt.əl.nek/	engleza	3	B2, substantiv	2026-05-30 12:19:35.595636	1	1
657	lucrative	Producing a great deal of profit, usually more than expected or compared to alternatives.	Producând o cantitate mare de profit, de obicei mai mult decât se aștepta sau comparativ cu alternativele.	She left her tenure-track academic job for a much more [TERMEN] role in industry research.|Cybersecurity consulting has become surprisingly [TERMEN] as companies realise how expensive a single breach actually is.	d9030d1322204f73b2de046709eeacc3.jpg|397aee118db74a2295ad750c138bf8a7.jpg	/ˈluː.krə.tɪv/	engleza	3	C1, adjectiv	2026-05-30 12:19:35.595636	3	1
658	cut corners	To complete something faster or cheaper by skipping important steps, usually at the cost of quality or safety.	A finaliza ceva mai rapid sau mai ieftin sărind pași importanți, de obicei în detrimentul calității sau siguranței.	The contractor [TERMEN] on the foundation, and three years later we had cracks running up every wall of the house.|You can [TERMEN] on marketing copy but never on legal review — the savings are tiny and the downside is enormous.	998dd2b999fd45afac32d27f6ab4d410.jpg|26af2a1e3a674660a715197d2e2e2335.jpg	/kʌt ˈkɔː.nəz/	engleza	2	B2, verb frazal	2026-05-30 12:19:35.595636	4	1
659	a sound investment	A purchase or financial decision that is judged to be wise, safe, and likely to retain or grow in value.	O achiziție sau o decizie financiară considerată înțeleaptă, sigură și care probabil își va păstra sau crește valoarea.	Education in skilled trades remains [TERMEN] even as university degrees lose some of their old prestige.|My grandfather always said that good shoes are [TERMEN] — you wear them for years and your back thanks you every day.	674aeb09e3be49f592cbe9a7ddc511d3.jpg|d065eceac2794119b3596f834b3cdd48.jpg	/ə saʊnd ɪnˈvest.mənt/	engleza	2	B2, expresie	2026-05-30 12:19:35.595636	5	1
660	seamless	So smooth and well-integrated that you do not notice the joints or transitions between different parts.	Atât de fluid și bine integrat încât nu observi îmbinările sau tranzițiile între diferite părți.	The handoff between your laptop and phone is [TERMEN] — you can start writing an email on one device and finish it on the other.|A truly [TERMEN] user experience makes the technology disappear; you stop thinking about the tool and focus on the work.	f5a3404e04954ddbbe923f1789601ad0.webp|7625ef6b4fcb41f9b55ab17f459a3904.jpg	/ˈsiːm.ləs/	engleza	2	B2, adjectiv	2026-05-30 12:19:35.595636	3	2
661	scalable	Designed to handle growth efficiently — whether ten users or ten million — without breaking or becoming uneconomical.	Conceput pentru a face față creșterii eficient — fie zece utilizatori sau zece milioane — fără a se strica sau a deveni neeconomic.	The architecture proved [TERMEN] enough to survive a viral TikTok moment that brought a hundred-fold traffic spike overnight.|A business model is only truly [TERMEN] if revenue can grow significantly without a proportional increase in headcount.	38a83df582074a1dbeefe6fcfd611b4f.webp|0674b4246ac64929ab85417c5287ccc6.jpg	/ˈskeɪ.lə.bəl/	engleza	3	C1, adjectiv	2026-05-30 12:19:35.595636	3	2
663	debug	To systematically find and fix errors in software by reproducing the problem and tracing what causes it.	A găsi și a remedia sistematic erori în software prin reproducerea problemei și urmărirea a ceea ce o cauzează.	I spent four hours trying to [TERMEN] a problem that turned out to be a single missing semicolon.|Senior engineers are paid not for writing code, but for the speed at which they can [TERMEN] code other people wrote years ago.	586e32736a95408dbf75e31746005aa2.jpg|9d2e8d5d1b1444e89d65347695da089f.jpg	/ˌdiːˈbʌɡ/	engleza	2	B2, verb	2026-05-30 12:19:35.595636	2	2
664	deploy	To release software changes from development into the live environment where real users can use them.	A lansa modificările software din mediul de dezvoltare în mediul live unde utilizatorii reali pot să le folosească.	We never [TERMEN] on Fridays — if something breaks, nobody wants to spend the weekend fixing production.|Modern teams [TERMEN] dozens of times per day rather than holding big quarterly releases that always go wrong.	50aacae296434cb5825e75685b286bff.jpg|8380778777fc4cb3a94f13475f459ce7.webp	/dɪˈplɔɪ/	engleza	2	B2, verb	2026-05-30 12:19:35.595636	2	2
665	intuitive	Easy to use without instructions, because it behaves the way the user already expects.	Ușor de folosit fără instrucțiuni, pentru că se comportă așa cum utilizatorul se așteaptă deja.	A truly [TERMEN] interface needs no tutorial — children pick it up faster than the people who designed it.|What feels [TERMEN] depends heavily on culture; right-to-left scripts make many Western design conventions feel awkward.	1693a533a89b42f6b089e87bb21feaf0.jpg|3c5c18143c0f4a1d88e4221896e3b494.webp	/ɪnˈtjuː.ɪ.tɪv/	engleza	3	C1, adjectiv	2026-05-30 12:19:35.595636	3	2
666	roll out	To launch a product, feature, or change gradually — usually to small groups first to catch problems early.	A lansa un produs, funcție sau modificare treptat — de obicei către grupuri mici mai întâi pentru a detecta problemele devreme.	We're [TERMEN]ing the redesign to one percent of users first, and watching the metrics carefully before going wider.|The hospital decided to [TERMEN] the new patient records system one department at a time over six months.	18df1026fa3b47428d1dd417cc688518.jpg|2d6e588249be47249ced77bfaccd8b30.jpg	/rəʊl aʊt/	engleza	2	B2, verb frazal	2026-05-30 12:19:35.595636	4	2
667	crash	When software or a system suddenly stops working, usually unexpectedly and without saving your work.	Când software-ul sau un sistem se oprește brusc din funcționare, de obicei neașteptat și fără a salva munca ta.	My laptop [TERMEN]ed in the middle of the presentation, taking with it the only copy of the slides I hadn't backed up.|Modern browsers isolate tabs precisely so that a [TERMEN] in one site doesn't take down everything else you have open.	ef0a8f25eafb4e02955de1a688cd0c4f.jpg|0b30400a3a99499aba550a8dc40866bc.jpg	/kræʃ/	engleza	2	B1, verb	2026-05-30 12:19:35.595636	2	2
668	encryption	The process of scrambling data so that only someone with the right key can read it, used to protect privacy and security.	Procesul de codificare a datelor astfel încât doar cineva cu cheia potrivită să le poată citi, folosit pentru a proteja confidențialitatea și securitatea.	End-to-end [TERMEN] means that even the messaging app's own engineers cannot read what you send your friends.|The strength of [TERMEN] is not in keeping the algorithm secret — it's in making the key impossibly expensive to guess.	bc09c39f60864e438ccdcfd93b9650ad.jpg|5ed026c1c0f04210bef583059b57c61a.jpg	/ɪnˈkrɪp.ʃən/	engleza	3	C1, substantiv	2026-05-30 12:19:35.595636	1	2
669	back up	To make a separate copy of important data, so that if the original is lost or corrupted, you can recover it.	A face o copie separată a datelor importante, astfel încât dacă originalul este pierdut sau corupt, să o poți recupera.	I learned to [TERMEN] obsessively after losing two weeks of work to a hard drive that failed without warning.|Cloud services automatically [TERMEN] your photos, but if you delete them by mistake, that synced deletion goes everywhere too.	380059005f994d3f8d3dffea67f17937.jpg|67106cc413864ea7b3dc12ad32c53b8f.jpg	/bæk ʌp/	engleza	1	B1, verb frazal	2026-05-30 12:19:35.595636	4	2
671	chronic	Lasting for a long time or constantly recurring, especially about illness — the opposite of acute or sudden.	Care durează mult timp sau reapare constant, mai ales despre boală — opusul acut sau brusc.	After years of being told her [TERMEN] fatigue was stress, she was finally diagnosed with an autoimmune condition.|[TERMEN] back pain affects up to eighty percent of adults at some point in their lives and resists most simple treatments.	ba4a2213014b40169302b1bede2edb1b.png|5ea24822dffb434ab6a2e6dc1803ca76.jpg	/ˈkrɒn.ɪk/	engleza	2	B2, adjectiv	2026-05-30 12:19:35.595636	3	3
672	resilient	Able to recover quickly from difficulties — applied to people, communities, immune systems, or even materials.	Capabil să-și revină rapid din dificultăți — aplicat la oameni, comunități, sisteme imunitare sau chiar materiale.	Children who grow up in unstable homes can still become remarkably [TERMEN] adults, especially with one supportive person in their lives.|The local economy proved more [TERMEN] than predicted; small businesses adapted to lockdowns far faster than the big chains.	d41aca2a9db244cfb4b9563633a92b75.jpg|ed10b3d36aad46c9b6d075c11a33b07f.webp	/rɪˈzɪl.i.ənt/	engleza	3	C1, adjectiv	2026-05-30 12:19:35.595636	3	3
673	immune system	The body's defence network of cells and processes that recognise and fight off harmful invaders like viruses and bacteria.	Rețeaua de apărare a organismului formată din celule și procese care recunosc și luptă împotriva invadatorilor dăunători precum virusurile și bacteriile.	Sleep deprivation suppresses the [TERMEN] within a week — which is why you always seem to catch a cold during exam season.|A healthy [TERMEN] is shaped early in life through exposure to a variety of microbes, which is why too much hygiene can backfire.	5a25255739f5414b8c7eefa7558164d5.jpg|3418dadf0ba541cd8128ba56c8842f04.jpg	/ɪˈmjuːn ˌsɪs.təm/	engleza	2	B2, substantiv	2026-05-30 12:19:35.595636	1	3
674	diagnose	To identify a specific illness or problem by carefully examining symptoms, tests, and history.	A identifica o boală sau o problemă specifică examinând cu atenție simptomele, testele și istoricul.	It took three years and four specialists to correctly [TERMEN] her condition as endometriosis rather than ordinary cramps.|Dermatologists can [TERMEN] many skin conditions on sight, but a biopsy is still essential whenever cancer is suspected.	ec4ed029d5f3418181617e84d4c0eefe.jpg|49f484cee0b64d8683726c6669cae869.jpg	/ˈdaɪ.əɡ.nəʊz/	engleza	2	B2, verb	2026-05-30 12:19:35.595636	2	3
676	wellbeing	The overall state of being healthy, happy, and comfortable — covering physical, mental, and social dimensions.	Starea generală de a fi sănătos, fericit și confortabil — acoperind dimensiuni fizice, mentale și sociale.	Workplace [TERMEN] programs have evolved from yoga classes to addressing real issues like burnout and psychological safety.|Studies consistently show that close personal relationships predict long-term [TERMEN] better than income, education, or even physical health.	268cb653f72a485bbe1507b7d6197817.jpg|3f57794abab248708f1c8ac680316f8b.jpg	/wel.ˈbiː.ɪŋ/	engleza	3	C1, substantiv	2026-05-30 12:19:35.595636	1	3
677	recover	To return to a normal state of health, strength, or ability after illness, injury, or any setback.	A reveni la o stare normală de sănătate, putere sau capacitate după o boală, o accidentare sau orice eșec.	It took him almost a year to fully [TERMEN] from the surgery, much longer than the doctors had originally predicted.|Athletes often [TERMEN] from injuries faster than ordinary people because they have professional rehab support most of us never get.	3c4e7395bd6b4814a25e3e99532e0009.jpg|9f2debf33f1241f6b47ecc1ef1406d07.webp	/rɪˈkʌv.ər/	engleza	1	B1, verb	2026-05-30 12:19:35.595636	2	3
678	come down with	To start to suffer from a particular illness, usually a contagious one like a cold or the flu.	A începe să suferi de o anumită boală, de obicei una contagioasă precum o răceală sau gripă.	I think I'm [TERMEN] something — my throat feels strange and I've been weirdly tired since yesterday.|Half the office [TERMEN] the same stomach bug within forty-eight hours after the team-building dinner.	7ad4f443690d40e294570c7e6190b686.jpg|542293eb0f7348f69ac5affc4d598c94.jpg	/kʌm daʊn wɪð/	engleza	2	B2, verb frazal	2026-05-30 12:19:35.595636	4	3
679	under the weather	Feeling slightly ill or not in your usual good condition — too mild to call sick, too off to feel normal.	Simțindu-te ușor bolnav sau nu în starea ta obișnuită — prea ușor pentru a te numi bolnav, prea ciudat pentru a te simți normal.	I'm a bit [TERMEN] today — nothing serious, but I'd rather work from home and not infect anyone.|She's been [TERMEN] all week; she swears it's allergies, but everyone else is starting to keep their distance.	13acdaf5032c4a899dce010d72c9404a.jpg|edbe7932d5a84a03871723c8237015ec.jpg	/ˈʌn.dər ðə ˈweð.ər/	engleza	2	B2, expresie	2026-05-30 12:19:35.595636	5	3
680	inflammation	The body's defensive response to injury or infection, marked by redness, heat, swelling, and pain in the affected area.	Răspunsul defensiv al organismului la rănire sau infecție, marcat de roșeață, căldură, umflătură și durere în zona afectată.	Chronic low-level [TERMEN] is increasingly linked to almost every disease of aging, from heart disease to dementia.|Ice reduces [TERMEN] in the short term, which is why athletes plunge into freezing baths after intense training sessions.	8de70c17e9c24d039b1eb3593a2dd9c2.jpg|c016832b4b5243f1b99c7681c6292b4c.jpg	/ˌɪn.fləˈmeɪ.ʃən/	engleza	3	C1, substantiv	2026-05-30 12:19:35.595636	1	3
681	a clean bill of health	An official confirmation from a doctor that someone is completely healthy, often after worry or testing.	O confirmare oficială de la un medic că cineva este complet sănătos, adesea după îngrijorare sau testare.	After two weeks of agonising over the results, the specialist gave him [TERMEN] and he cried in the parking lot.|The vet gave the old dog [TERMEN] but warned that at fourteen, anything could change quickly.	75773454fd2340a4bc4092061033a921.jpg|25a5c4a039774f939717413e89df721c.jpg	/ə kliːn bɪl əv helθ/	engleza	3	C1, expresie	2026-05-30 12:19:35.595636	5	3
683	proficient	Competent and skilled at something, usually through serious practice — beyond beginner, approaching mastery.	Competent și priceput la ceva, de obicei prin practică serioasă — dincolo de începător, aproape de măiestrie.	Job postings asking for "[TERMEN] in Excel" often actually mean "comfortable with the basics" — the language has inflated over the years.|She is genuinely [TERMEN] in four languages and switches between them mid-conversation without noticing.	eee0356b229241a8bd9a1b0859483b02.jpg|b25c4aab21124052b4e34091a687afdc.webp	/prəˈfɪʃ.ənt/	engleza	3	C1, adjectiv	2026-05-30 12:19:35.595636	3	4
684	scholarship	A grant given to a student to support their studies, usually based on merit, need, or a specific field.	O bursă acordată unui student pentru a-și susține studiile, de obicei bazată pe merit, nevoie sau un domeniu specific.	Without the full [TERMEN] from her local foundation, she could never have afforded a university hundreds of miles from home.|Some [TERMEN]s are surprisingly hard to give away because the eligibility criteria are so specific that almost nobody qualifies.	64a0ce334831405e8e8205c3c09ed1ab.jpg|5a20325591ef4e3d9806cf636b9268c6.jpg	/ˈskɒl.ə.ʃɪp/	engleza	2	B2, substantiv	2026-05-30 12:19:35.595636	1	4
685	rigorous	Extremely thorough, demanding, and careful — leaving no shortcuts or weak spots.	Extrem de minuțios, exigent și atent — fără scurtături sau puncte slabe.	Medical school is [TERMEN] not just because the material is hard, but because the consequences of forgetting something are real and immediate.|Peer review is supposed to be [TERMEN], but in practice the quality varies wildly between journals and even between reviewers.	3e01016813674aa5ab96ae1c6df56340.webp|aef9e992949c4bb0b090c29193cf48fe.jpg	/ˈrɪɡ.ər.əs/	engleza	3	C1, adjectiv	2026-05-30 12:19:35.595636	3	4
686	memorise	To commit information to memory exactly as it is, so you can recall it later from inside your head.	A memora informații exact așa cum sunt, astfel încât să le poți reaminti mai târziu din capul tău.	Actors don't just [TERMEN] lines — they internalise the rhythm and the emotional logic so deeply the words feel like their own.|The traditional school system rewards students who [TERMEN] facts faster than students who actually understand them, and we're only now starting to question that.	5310845ba8c243259aa69152c7ce7386.webp|84f05d8202ba418cbb00e56bd5f7a58a.jpg	/ˈmem.ər.aɪz/	engleza	2	B1, verb	2026-05-30 12:19:35.595636	2	4
687	insightful	Showing a deep, accurate understanding of something — making you see things in a way you hadn't before.	Arătând o înțelegere profundă și exactă a ceva — făcându-te să vezi lucrurile într-un mod în care nu le văzuseși înainte.	Her essay was [TERMEN] in a way that suggested she had thought about the topic long before the assignment was given.|Good therapists are [TERMEN] without being condescending — they help you see your own situation more clearly without telling you what to do.	4d2be7fbb5a9454b8bf2f0bdeacc78ef.webp|a6fa91c2d0644307b56a16c6bbc96872.jpg	/ˈɪn.saɪt.fəl/	engleza	3	C1, adjectiv	2026-05-30 12:19:35.595636	3	4
691	pick up	To learn something casually or without formal teaching, usually through exposure or osmosis.	A învăța ceva casual sau fără predare formală, de obicei prin expunere sau osmoză.	Children who move countries young [TERMEN] the new language with an ease that adults find almost insulting.|You can [TERMEN] surprising amounts of cooking just from watching one parent prepare meals over years of childhood.	7925efbd413146f9ad7351f432b05dfd.jpg|0374e84eeb134f6b9ec6154898c03fe5.jpg	/pɪk ʌp/	engleza	1	B1, verb frazal	2026-05-30 12:19:35.595636	4	4
694	nuanced	Showing or involving subtle differences and shades of meaning, rather than being simple or black-and-white.	Care arată sau implică diferențe subtile și nuanțe de sens, mai degrabă decât a fi simplu sau alb-negru.	Her essay on immigration was unusually [TERMEN] — she refused to treat either side of the debate as villains or saints.|Translating poetry is hard precisely because every word carries a [TERMEN] meaning that doesn't survive a literal swap into another language.	3d01ec15cf67409880ddb6be255d8c6a.jpg|36682c951ad34b8eb608f289c817cc56.jpg	/ˈnjuː.ɑːnst/	engleza	3	C1, adjectiv	2026-05-30 12:19:35.595636	3	5
688	grasp	To fully understand something, especially an idea that requires effort to wrap your mind around.	A înțelege pe deplin ceva, mai ales o idee care necesită efort pentru a o cuprinde cu mintea.	It took me years to [TERMEN] the difference between knowing a word and being able to use it naturally in conversation.|Statistics is hard not because the math is difficult, but because you have to [TERMEN] that probability runs against most human intuition.	5dcf1627cdcd48d3bd6f84d16e3b93dd.jpg|abd5fc84aa75447f801a823a2f912d3a.jpg	/ɡrɑːsp/	engleza	3	B2, verb	2026-05-30 12:19:35.595636	2	4
689	peer review	The process where work — usually research — is evaluated by other experts in the same field before it is published.	Procesul în care munca — de obicei cercetarea — este evaluată de alți experți din același domeniu înainte de a fi publicată.	[TERMEN] is imperfect, but it's still the best filter we have for separating careful science from confident nonsense.|During the pandemic, preprints bypassed [TERMEN] entirely, which sped up research but also let some very flawed studies go viral.	b3637b3abe5e4fd89fd71ea47484d6ef.jpg|597f7d8e55c946e6b11d62f714410e49.jpg	/pɪər rɪˈvjuː/	engleza	3	C1, substantiv	2026-05-30 12:19:35.595636	1	4
690	hit the books	To start studying seriously, usually for an exam or important deadline.	A începe să studiezi serios, de obicei pentru un examen sau un termen limită important.	I've been putting it off all week, but tomorrow I really have to [TERMEN] if I want any chance of passing.|Once finals approach, even the most relaxed students suddenly [TERMEN] like their lives depend on it.	418c444a6cbf4895bf897d42602a81f1.jpg|8c8f9b86e488427593e129fb81fb0a19.png	/hɪt ðə bʊks/	engleza	2	B2, expresie	2026-05-30 12:19:35.595636	5	4
695	subculture	A smaller cultural group within a larger society, with its own values, fashion, music, or language.	Un grup cultural mai mic în cadrul unei societăți mai mari, cu propriile sale valori, modă, muzică sau limbaj.	Tokyo's [TERMEN]s — from gothic Lolita to ultra-niche music scenes — are studied seriously by anthropologists from around the world.|Skateboarding started as a [TERMEN] mocked by polite society and ended up in the Olympics, which says something about how cultures absorb their fringes.	75ed82e44a7c4e7989b5d6a9f8a81e4c.webp|b19ac8de38b44d7d9b39ebec7498ea4c.jpg	/ˈsʌbˌkʌl.tʃər/	engleza	3	C1, substantiv	2026-05-30 12:19:35.595636	1	5
696	preserve	To actively keep something in its original state so that it doesn't disappear or get damaged over time.	A păstra activ ceva în starea sa originală astfel încât să nu dispară sau să fie deteriorat în timp.	Linguists race to [TERMEN] endangered languages by recording the last fluent speakers, often elders in their eighties or nineties.|Old film stock literally rots if not properly [TERMEN]d, which is why archives spend millions digitising movies before the originals are unrecoverable.	d6765dea146e4ecfb2284083702fdab2.jpg|dd2c6c6e8b484cd6a2d326a718b91a69.jpg	/prɪˈzɜːv/	engleza	3	B2, verb	2026-05-30 12:19:35.595636	2	5
697	embrace	To welcome something willingly and enthusiastically — an idea, a change, a tradition, a person.	A primi ceva cu plăcere și entuziasm — o idee, o schimbare, o tradiție, o persoană.	It took two generations for the family to fully [TERMEN] the new country while still keeping the old language alive at home.|Companies that genuinely [TERMEN] remote work tend to attract talent that traditional employers can no longer compete for.	970390b308734fdda0de5f9125439f16.webp|66d47d9964a44ff58daf5f2418daec67.webp	/ɪmˈbreɪs/	engleza	2	B2, verb	2026-05-30 12:19:35.595636	2	5
698	eclectic	Drawing from many different sources, styles, or ideas — combining things that don't usually go together.	Trăgând din multe surse, stiluri sau idei diferite — combinând lucruri care de obicei nu merg împreună.	Her apartment is wildly [TERMEN] — Persian rugs, IKEA furniture, vintage jazz posters, and an enormous gaming setup, somehow all working together.|His musical taste is genuinely [TERMEN]: he can move from Bach to grime to Afrobeat in a single evening without irony.	f21babcb93744ef994309e3ca11011ca.jpg|28f2c6892091425dbde7169ce3ddf029.webp	/ɪˈklek.tɪk/	engleza	3	C1, adjectiv	2026-05-30 12:19:35.595636	3	5
699	die out	To gradually disappear completely — used for languages, customs, species, or traditions slowly fading from existence.	A dispărea treptat complet — folosit pentru limbi, obiceiuri, specii sau tradiții care se sting încet din existență.	A language can [TERMEN] within two generations if parents decide their children will be better off speaking only the dominant local language.|Many craft traditions are [TERMEN]ing not because nobody wants the products, but because nobody is willing to pay what the apprentice years really cost.	fbfe2dc6c41747f997ca33ca6c23cbac.webp|2c61389a33f642d8b5d507df83d87c00.webp	/daɪ aʊt/	engleza	3	B2, verb frazal	2026-05-30 12:19:35.595636	4	5
700	hand down	To pass something — knowledge, possessions, traditions — from older generations to younger ones.	A transmite ceva — cunoștințe, posesii, tradiții — de la generațiile mai în vârstă la cele mai tinere.	My grandmother [TERMEN] the recipe to my mother, who [TERMEN] it to me, with each version having slightly more salt and less butter.|Some legal cases are decided based on rulings [TERMEN] from courts a hundred years ago, when the world that produced those decisions barely resembles ours.	050636f7cad64c46b110ccf67e616c0a.webp|33d1a234d3cd4915a80a15d24b12ae40.webp	/hænd daʊn/	engleza	2	B2, verb frazal	2026-05-30 12:19:35.595636	4	5
701	a melting pot	A place — usually a city or country — where many different cultures and people mix and gradually blend together.	Un loc — de obicei un oraș sau o țară — unde multe culturi și oameni diferiți se amestecă și se contopesc treptat.	New York has been called [TERMEN] for over a century, though some sociologists now prefer "salad bowl" to suggest the parts stay distinct.|This neighbourhood is [TERMEN] in the best sense — the corner shop sells both Polish bread and Vietnamese coffee, and nobody finds that strange.	debb83feffbd4c83818d3cfa9668aa6b.webp|0c7be485bbb0433493d94423b4262e91.jpg	/ə ˈmel.tɪŋ pɒt/	engleza	3	C1, expresie	2026-05-30 12:19:35.595636	5	5
707	coach	A trainer or mentor in a sport — but also, increasingly, in business, life, or any skill that benefits from guidance.	Un antrenor sau mentor într-un sport — dar și, din ce în ce mai mult, în afaceri, viață sau orice abilitate care beneficiază de îndrumare.	A great [TERMEN] knows when to push you and when to back off — and the second skill is usually rarer than the first.|She hired a leadership [TERMEN] not because anything was wrong, but because she suspected she was missing things her own team wouldn't tell her.	b7b595b6279b42acae17b446092bf826.jpg|49f0aba41e34474b9e2dd595d615e595.jpg	/kəʊtʃ/	engleza	1	B1, substantiv	2026-05-30 14:29:52.370422	1	6
708	grueling	Extremely tiring and difficult — requiring sustained effort that pushes you past comfortable limits.	Extrem de obositor și dificil — necesitând un efort susținut care te împinge dincolo de limitele confortabile.	Boot camp is intentionally [TERMEN] — the goal is to break down your old reactions and rebuild them under controlled stress.|The schedule was [TERMEN]: fifteen-hour days, six days a week, for six months straight.	95af148162ed4e51a309293ab6fdd645.jpg|72261fad2c394a6288524a7df9f215f8.jpg	/ˈɡruː.əl.ɪŋ/	engleza	3	C1, adjectiv	2026-05-30 14:29:52.370422	3	6
709	compete	To take part in a contest aiming to win — but also, more broadly, to operate in a market or environment against others.	A participa la o competiție cu scopul de a câștiga — dar și, mai larg, a opera pe o piață sau într-un mediu împotriva altora.	Small bookshops can no longer [TERMEN] with Amazon on price — they have to [TERMEN] on something else entirely, like community.|She didn't train to [TERMEN] anymore; she trained because the alternative — sitting still — felt worse than the soreness.	6257205d3a4a472b8614c2c9fbc67c96.jpg|74b965b624c841e5ad63e89e1c9c4bf5.jpg	/kəmˈpiːt/	engleza	2	B2, verb	2026-05-30 14:29:52.370422	2	6
710	warm up	To gently prepare your body for harder activity, by raising heart rate and stretching muscles — also used metaphorically.	A pregăti ușor corpul pentru activitate mai grea, prin creșterea ritmului cardiac și întinderea mușchilor — folosit și metaforic.	Skipping the [TERMEN] is how amateur athletes pull muscles that take six weeks to heal from injuries that took three seconds to cause.|Comedians [TERMEN] the audience before the main act — small jokes, low stakes, getting the room laughing before anyone notices.	e391b97aa6e74634b7ff7ddc53198f8d.jpg|83a0d6576c9f4f7797bce6ee197e952c.jpg	/wɔːm ʌp/	engleza	1	A2, verb frazal	2026-05-30 14:29:52.370422	4	6
711	throw in the towel	To give up or admit defeat — originally from boxing, where a coach throws a towel into the ring to stop the fight.	A renunța sau a admite înfrângerea — original din box, unde un antrenor aruncă un prosop în ring pentru a opri lupta.	After three failed funding rounds, the founders [TERMEN] — and almost immediately wished they had tried just one more time.|Don't [TERMEN] in week two of a new habit; week three is statistically when most people start to feel the change.	a5dc864b9df84c63b5c96d3ee3ab5705.jpg|c99f54a02cea47b58666fbedf645ceb7.png	/θrəʊ ɪn ðə ˈtaʊ.əl/	engleza	3	C1, expresie	2026-05-30 14:29:52.370422	5	6
712	on a roll	Currently in a streak of success — everything you try is working, momentum is on your side.	În prezent într-o serie de succese — tot ce încerci funcționează, impulsul este de partea ta.	She's [TERMEN] this season — five wins in six matches, and the one loss came down to a single judge's decision.|When you're [TERMEN], don't overanalyse; finish what you started before the streak ends naturally.	a0add8eebde3483ab0f063c9aadc00ee.webp|4736f6bd78f1417d82c90cc4a83a46a8.jpg	/ɒn ə rəʊl/	engleza	3	B2, expresie	2026-05-30 14:29:52.370422	5	6
713	a level playing field	Conditions that are fair to all competitors, with no one given an unfair advantage from the start.	Condiții care sunt corecte pentru toți competitorii, fără ca cineva să primească un avantaj nedrept de la început.	Anti-doping rules exist not because clean athletes will always win, but because everyone deserves [TERMEN].|Universal education was supposed to create [TERMEN], but in practice the home you grow up in still predicts more than any policy intended.	63ba35788e244a2ab8312103df0b17c7.jpg|cdf8795fd3cb4e79a457d863e96bbebf.jpg	/ə ˈlev.əl ˈpleɪ.ɪŋ fiːld/	engleza	3	C1, expresie	2026-05-30 14:29:52.370422	5	6
705	underdog	A person or team expected to lose — usually because they're smaller, less experienced, or have fewer resources.	O persoană sau echipă care se așteaptă să piardă — de obicei pentru că sunt mai mici, mai puțin experimentați sau au mai puține resurse.	Everyone loves an [TERMEN] story until they realise the [TERMEN] was just a more careful, better-prepared version of the favourite all along.|The bookmakers had her at fifty-to-one — a clear [TERMEN] — but anyone who had watched her train knew the odds were wildly off.	2eb0cca6e7074cdcab499a0d89f27ef9.jpg|bcaa2f9a85b04caf97d8e1d69b256275.jpg	/ˈʌn.də.dɒɡ/	engleza	3	C1, substantiv	2026-05-30 14:29:52.370422	1	6
703	immerse	To completely surround yourself with something so that it becomes your whole experience for a while.	A te înconjura complet cu ceva astfel încât să devină întreaga ta experiență pentru o perioadă.	The fastest way to learn a language is to fully [TERMEN] yourself — move to the country and forbid yourself from using English, even when it's painful.|She would [TERMEN] herself in a novel so completely that she'd miss her bus stop and not notice for hours.	26515f146fd1499e9a933cf9f9a5caa2.jpg|c99f5faccd34421198705b30503196da.jpg	/ɪˈmɜːs/	engleza	3	C1, verb	2026-05-30 12:19:35.595636	2	5
715	democracy	A system of government where ordinary citizens hold political power — directly or through representatives they elect.	Un sistem de guvernare în care cetățenii obișnuiți dețin puterea politică — direct sau prin reprezentanți pe care îi aleg.	[TERMEN] doesn't guarantee good decisions; it guarantees that the people who make decisions can be replaced without bloodshed.|Even mature [TERMEN]s require constant maintenance — strong institutions, free press, and an informed public who actually vote.	c965f52ffb814403bc4d8d453f7c1692.jpg|73a2e4ca03984ce78800ff4d2dd94805.webp	/dɪˈmɒk.rə.si/	engleza	2	B2, substantiv	2026-05-30 14:29:52.370422	1	7
716	controversial	Causing strong disagreement and intense debate, often because it touches on values that people deeply disagree about.	Care provoacă dezacord puternic și dezbatere intensă, adesea pentru că atinge valori asupra cărora oamenii sunt profund în dezacord.	Her appointment to the board was [TERMEN] — half the staff saw it as overdue progress, the other half as a political statement.|The film tackles a [TERMEN] subject without ever feeling preachy, which is harder than it sounds.	f21d0dc4df7f4642957c4162ca1be955.jpg|73c9da4ed1a64f429462dea4c9e669fc.jpg	/ˌkɒn.trəˈvɜː.ʃəl/	engleza	3	B2, adjectiv	2026-05-30 14:29:52.370422	3	7
717	legislation	Laws, considered collectively — what gets passed by parliaments, congresses, or other lawmaking bodies.	Legi, considerate colectiv — ceea ce este adoptat de parlamente, congrese sau alte organe legislative.	Privacy [TERMEN] in Europe lets you ask any company exactly what they know about you — and force them to delete it.|New tech often outruns [TERMEN] by years; lawmakers are usually fighting last year's battle while the industry has already moved on.	d6a923d455304e69817d7d993876dbda.jpg|d30e6e4d85fa4e58822568219ef3f1ca.jpg	/ˌledʒ.ɪˈsleɪ.ʃən/	engleza	3	C1, substantiv	2026-05-30 14:29:52.370422	1	7
719	referendum	A vote in which the entire population is asked to decide on a single specific question, rather than electing representatives.	Un vot în care întreaga populație este întrebată să decidă asupra unei singure întrebări specifice, mai degrabă decât să aleagă reprezentanți.	The Brexit [TERMEN] showed how a yes-or-no question can hide enormous complexity behind a single binary answer.|Switzerland holds multiple [TERMEN]s every year, on questions ranging from immigration to whether cows should have horns.	7ebc623cc69e4e7c8ba9977d55febfd8.jpg|dca0680064e241fbbbc3111c92486023.jpg	/ˌref.əˈren.dəm/	engleza	3	C1, substantiv	2026-05-30 14:29:52.370422	1	7
720	sanction	An official punishment imposed by one country or organisation on another — usually restricting trade, travel, or finance.	O pedeapsă oficială impusă de o țară sau organizație asupra alteia — de obicei restricționând comerțul, călătoria sau finanțele.	Economic [TERMEN]s usually hurt ordinary citizens long before they meaningfully affect the leaders they're meant to punish.|The country has been under international [TERMEN]s for so long that workarounds and grey markets have become its actual economy.	2b8c1ab407f74b37bb61ec75c9c03c22.jpg|174a74dacc914312b463c19fc3287e7a.jpg	/ˈsæŋk.ʃən/	engleza	3	C1, substantiv	2026-05-30 14:29:52.370422	1	7
721	endorse	To publicly support a person, product, or position — putting your reputation behind it.	A sprijini public o persoană, un produs sau o poziție — punând reputația ta în spatele acesteia.	When a major newspaper [TERMEN]s a candidate two weeks before the election, it's rarely surprising — the staff have been signalling for months.|Athletes who [TERMEN] products are legally required to actually use them now, after years of obvious deception.	4921dcd5881945a38005fff21c745cbd.jpg|d779fd4a58e74300a6902ad664fc8c0c.jpg	/ɪnˈdɔːs/	engleza	3	C1, verb	2026-05-30 14:29:52.370422	2	7
722	step down	To resign from a position of authority, usually voluntarily — though sometimes under pressure that's not quite forced removal.	A demisiona dintr-o poziție de autoritate, de obicei voluntar — deși uneori sub o presiune care nu este exact o îndepărtare forțată.	The CEO [TERMEN] "to spend more time with family" — a phrase everyone understood meant the board had finally lost patience.|She [TERMEN] from the board on principle after the company refused to address concerns she had raised privately for months.	b19e81bd1abf4f0d99b5de3e9f59933f.jpg|55ce38eb0d7d4946a84216cab0037594.jpg	/step daʊn/	engleza	3	B2, verb frazal	2026-05-30 14:29:52.370422	4	7
723	crack down on	To start strictly enforcing rules — usually in response to a problem that's been growing.	A începe să aplici strict regulile — de obicei ca răspuns la o problemă care a crescut.	After three serious accidents in a month, the city decided to [TERMEN] illegal parking near schools with daily ticket sweeps.|Tax authorities are [TERMEN] cryptocurrency reporting much harder this year, and casual investors are getting caught off guard.	c12416969cd94acba64fa74fd0f596c3.jpg|26f8e896c09d435082db8a435cfa3864.jpg	/kræk daʊn ɒn/	engleza	3	C1, verb frazal	2026-05-30 14:29:52.370422	4	7
724	behind closed doors	In private, away from public observation — used especially for decisions or meetings that affect many people.	În privat, departe de observarea publică — folosit mai ales pentru decizii sau întâlniri care afectează multe persoane.	The most important parts of policy are usually made [TERMEN] long before the public debate ever begins.|We agree publicly in meetings and disagree [TERMEN] — it's how this organisation has always worked.	219f3d9a6e5740509829076754613c35.jpg|3e49753595344e9dbc493a213a51af96.jpg	/bɪˈhaɪnd kləʊzd dɔːz/	engleza	3	C1, expresie	2026-05-30 14:29:52.370422	5	7
725	a fine line between	A small but important distinction between two things that seem similar — easy to cross by accident.	O distincție mică, dar importantă, între două lucruri care par similare — ușor de trecut din greșeală.	There's [TERMEN] confidence and arrogance, and most leaders cross it without noticing until someone points it out.|There's [TERMEN] healthy ambition and an unhealthy need to prove yourself — and only one of them lets you sleep at night.	ddabadd6ede1416787e73b6cb4b82907.jpg|d39a0e225439481f88a4a6db02f7be16.jpg	/ə faɪn laɪn bɪˈtwiːn/	engleza	3	C1, expresie	2026-05-30 14:29:52.370422	5	7
726	itinerary	A detailed plan of a journey — where you'll go, when, and how — usually written down so you don't forget pieces.	Un plan detaliat al unei călătorii — unde vei merge, când și cum — de obicei scris ca să nu uiți părți.	Her [TERMEN] for Italy was packed minute by minute — by day three she had quietly thrown it out and was just wandering Florence.|Send me your [TERMEN] before you leave so someone knows where you're supposed to be at any given moment.	bd48a67c34b84f06aaf86e0d49bcb020.webp|7a3987f41a7a4d8e90119b82f5406454.webp	/aɪˈtɪn.ər.ər.i/	engleza	3	C1, substantiv	2026-05-30 14:29:52.370422	1	8
728	jet-lagged	Tired and disoriented after a long flight across several time zones, because your body clock is still in the old time zone.	Obosit și dezorientat după un zbor lung peste mai multe fusuri orare, pentru că ceasul biologic este încă în vechiul fus orar.	I was so [TERMEN] after the flight from Tokyo that I fell asleep during dinner and woke up at three in the morning, wide awake and starving.|Going west to east is much harder — you can be [TERMEN] for almost a week, while the return trip recovers within two days.	5ac4e679e74f4e9ab21e3c10dc6da51d.jpg|c836a1555bab48aa93c8a508c6216f74.jpg	/ˈdʒet.læɡd/	engleza	3	B2, adjectiv	2026-05-30 14:29:52.370422	3	8
730	hospitality	The generous and friendly welcoming of guests — and, more broadly, the entire industry built around it.	Primirea generoasă și prietenoasă a oaspeților — și, mai larg, întreaga industrie construită în jurul ei.	The [TERMEN] of strangers in small Greek villages still surprises tourists who expect transactional service everywhere they go.|Working in [TERMEN] teaches you patience with humans in a way few other industries can match.	d3bd171640e04d5b89a8855fa13f8144.jpg|bb675d79dcff453f83f0af08c4907651.jpg	/ˌhɒs.pɪˈtæl.ə.ti/	engleza	3	C1, substantiv	2026-05-30 14:29:52.370422	1	8
731	layover	A stop between two flights — usually because you're changing planes, not because you wanted to visit the city.	O oprire între două zboruri — de obicei pentru că schimbi avioane, nu pentru că ai vrut să vizitezi orașul.	A six-hour [TERMEN] in Singapore is a gift; a six-hour [TERMEN] in most American airports is a slow form of punishment.|If your [TERMEN] is long enough, some airlines offer free city tours — it's worth checking before you settle in for a long sit at the gate.	1790740be8cd4dd099bd7e9114a41456.jpg|0f71cfbf398b4962af027196433092fa.jpg	/ˈleɪˌəʊ.vər/	engleza	3	B2, substantiv	2026-05-30 14:29:52.370422	1	8
732	picturesque	Visually beautiful in a charming, almost old-fashioned way — looking like it belongs in a painting.	Vizual frumos într-un mod fermecător, aproape de modă veche — arată ca și cum ar aparține unei picturi.	The village was so [TERMEN] it felt staged — until you noticed the elderly residents going about their actual lives in the background.|Avoid the most [TERMEN] cafes in tourist towns — they're usually overpriced and the local crowd has moved on long ago.	b6df1f250b204d63ae68c3daa12cbdf2.jpg|30059a7f9b3d44a496beb129ef305a7f.webp	/ˌpɪk.tʃərˈesk/	engleza	3	C1, adjectiv	2026-05-30 14:29:52.370422	3	8
733	off the beaten path	Away from the usual tourist routes — in places where most visitors don't go, often more authentic but harder to find.	Departe de rutele turistice obișnuite — în locuri unde majoritatea vizitatorilor nu merg, adesea mai autentic, dar mai greu de găsit.	The best food we ate in Vietnam was at a tiny place [TERMEN] — no menu, no English, just one dish that an old woman made better than anyone in the world.|Going [TERMEN] is romantic in theory and occasionally lonely in practice, especially when you realise nobody nearby speaks any language you do.	4edb96b460474cf3aa0957e647bed609.jpg|f301445f00b348ca841f3f881b39ba98.jpg	/ɒf ðə ˈbiː.tən pɑːθ/	engleza	3	C1, expresie	2026-05-30 14:29:52.370422	5	8
734	set off	To begin a journey — start out on the trip itself, usually with some sense of intention or departure.	A începe o călătorie — să pornești în călătoria în sine, de obicei cu un anumit sentiment de intenție sau de plecare.	We [TERMEN] at five in the morning to beat the heat, and watched the sun rise over the mountains from our second hour on the road.|She [TERMEN] for Asia with one backpack, a return ticket, and zero plan beyond the first three days.	e0b343a65cb34454a990443d73afc227.webp|d93b365f84784058bbbfe71c47d85e99.jpg	/set ɒf/	engleza	2	B1, verb frazal	2026-05-30 14:29:52.370422	4	8
735	hit the road	To leave and begin travelling — slightly informal, often suggesting a road trip or longer journey rather than a quick errand.	A pleca și a începe să călătorești — ușor informal, sugerând adesea o călătorie cu mașina sau o călătorie mai lungă, mai degrabă decât o sarcină rapidă.	We should [TERMEN] before the morning traffic gets ugly — fifteen extra minutes here costs you an hour out there.|After two years of pandemic delays, they finally got to [TERMEN] for the cross-country trip they'd been planning the whole time.	de360d97f96744178b810e7ef7989366.webp|d2baaefcf0a947838761d34a635fb7ff.jpg	/hɪt ðə rəʊd/	engleza	2	B2, expresie	2026-05-30 14:29:52.370422	5	8
736	a stone's throw away	Very close in distance — close enough that you could literally throw a stone and hit it.	Foarte aproape în distanță — suficient de aproape încât ai putea literalmente arunca o piatră și să o atingi.	The hotel turned out to be [TERMEN] from the main square — exactly the right amount of close.|The new office is [TERMEN] from three excellent lunch spots, which is more of a productivity threat than a benefit.	5c176e708b954364a69489e6f19f64a8.jpg|618963dd584c4d1987698cd666b02c87.jpg	/ə stəʊnz θrəʊ əˈweɪ/	engleza	3	B2, expresie	2026-05-30 14:29:52.370422	5	8
737	genuine	Truly what it claims to be — sincere, authentic, not faked or performed.	Cu adevărat ceea ce pretinde a fi — sincer, autentic, nu falsificat sau interpretat.	It took me years to learn the difference between [TERMEN] kindness and the kind people perform when they want something.|His apology was [TERMEN], which is rarer than you'd think — most apologies are about how the apologiser feels, not the person harmed.	c604cf204111421b8216b524dccc7c04.jpg|b11612da54a14e519f0b50b331a3ab55.jpg	/ˈdʒen.ju.ɪn/	engleza	2	B2, adjectiv	2026-05-30 14:29:52.370422	3	0
738	reliable	Consistently doing what you expect — whether that's a person showing up, a tool working, or data being accurate.	Făcând în mod constant ceea ce te aștepți — fie că este vorba de o persoană care apare, un instrument care funcționează sau date care sunt precise.	She's the most [TERMEN] friend I have — not the most exciting, but the one who actually shows up when something goes wrong.|Before quoting any statistic, ask yourself whether the source is genuinely [TERMEN] or just confident.	7518e84925584589866392ebb37343c6.jpg|29756d83aaeb4bd68efe5914cdafcc9c.jpg	/rɪˈlaɪ.ə.bəl/	engleza	2	B1, adjectiv	2026-05-30 14:29:52.370422	3	0
739	overcome	To successfully deal with and get past a problem, fear, or obstacle.	A face față cu succes și a depăși o problemă, o frică sau un obstacol.	It took years of therapy to [TERMEN] the anxiety, and even now it comes back when she's very tired.|Some teams [TERMEN] enormous structural disadvantages through sheer cohesion — others have every resource and lose anyway.	329561657009476cbbfa8979f934d1f0.jpg|6adfeebe99404c3693daff65f25c0da0.jpg	/ˌəʊ.vəˈkʌm/	engleza	2	B2, verb	2026-05-30 14:29:52.370422	2	0
706	rivalry	A long-standing, intense competition between two people, teams, or organisations — often emotional, not just professional.	O competiție intensă, de lungă durată, între două persoane, echipe sau organizații — adesea emoțională, nu doar profesională.	The [TERMEN] between the two clubs goes back over a century, and matches between them still draw crowds three times normal.|Their [TERMEN] started as friendly competition in university and somehow hardened into something neither of them could quite explain twenty years later.	97b9ae409f254d358f3b492c757f9cb8.jpg|791fb95dc6934eb8a612a463fb984f36.jpg	/ˈraɪ.vəl.ri/	engleza	3	C1, substantiv	2026-05-30 14:29:52.370422	1	6
714	stamina	Sustained physical or mental energy — the fuel that lets you keep performing long after others have run out.	Energie fizică sau mentală susținută — combustibilul care îți permite să continui să performezi mult timp după ce alții au rămas fără.	Negotiation is partly a test of [TERMEN] — whoever can stay alert and patient for the longest tends to get the better deal.|Building real [TERMEN] takes months of slow, boring base work — the kind of training nobody photographs for social media.	81d4cb547dbe4507a78a71bea0fe99c7.jpg|7e96043b66a64bdea463c8099af59519.jpg	/ˈstæm.ɪ.nə/	engleza	3	C1, substantiv	2026-05-30 14:29:52.370422	1	6
718	diplomatic	Skilled at handling sensitive situations and people with tact, even when you'd rather speak bluntly.	Iscusit în a gestiona situații și oameni sensibili cu tact, chiar și atunci când ai prefera să vorbești direct.	Her email was [TERMEN] enough to defuse the situation without anyone losing face — a small masterclass in workplace politics.|There's a difference between being [TERMEN] and being dishonest; the first chooses what to say, the second misrepresents the truth.	57597f5730dd4f2bab7bcd3e2da137a9.jpg|2055e95d8df14ccea77d17ae7f70ef4e.jpg	/ˌdɪp.ləˈmæt.ɪk/	engleza	3	C1, adjectiv	2026-05-30 14:29:52.370422	3	7
741	persistent	Continuing to act despite difficulty or opposition — refusing to give up even when others would have stopped.	Continuând să acționezi în ciuda dificultății sau opoziției — refuzând să renunți chiar și atunci când alții s-ar fi oprit.	A [TERMEN] cough lasting more than three weeks deserves a doctor's visit, not another bottle of cough syrup.|Success in research requires being [TERMEN] enough to push through years of dead ends without losing your mind.	903270cbfb284656bfbfec100e64b369.jpg|268a49af4f8b439cae6526688a33b52e.jpg	/pəˈsɪs.tənt/	engleza	3	B2, adjectiv	2026-05-30 14:29:52.370422	3	0
743	come across	To find something or someone by chance, without looking — also: to give a particular impression to others.	A găsi ceva sau pe cineva din întâmplare, fără a căuta — de asemenea: a da o anumită impresie altora.	I [TERMEN] an old letter from my grandmother while clearing out the attic, and spent the whole afternoon reading instead of cleaning.|She [TERMEN] as cold in writing, but in person she's warm — which suggests she should probably stop sending emails when stressed.	af659eb5355a41df9e95e6cb40ad6c12.webp|000ffb7a0ee4497b9ea9ad2501cdfe47.webp	/kʌm əˈkrɒs/	engleza	2	B2, verb frazal	2026-05-30 14:29:52.370422	4	0
744	look forward to	To anticipate something with pleasure — waiting eagerly because you expect it to be good.	A aștepta ceva cu plăcere — așteptând cu nerăbdare pentru că te aștepți să fie bun.	I'm genuinely [TERMEN] seeing you next week — it's been too long, and I have so much to tell you.|She used to [TERMEN] Sunday evenings, when the whole family would call from across three time zones.	02d14f4a13db4f70b2cd597a16032828.webp|39f36952ca85455bb60e2bfaa583e257.jpg	/lʊk ˈfɔː.wəd tuː/	engleza	1	A2, verb frazal	2026-05-30 14:29:52.370422	4	0
745	put off	To delay doing something — usually something you don't want to face, that gets worse the longer you wait.	A amâna să faci ceva — de obicei ceva ce nu vrei să înfrunți, care devine mai rău cu cât aștepți mai mult.	I've been [TERMEN] this conversation for three weeks now, and every day of avoidance makes it harder to start.|Don't [TERMEN] going to the dentist — small problems become large ones at a speed that always surprises you.	7614f0bbbf7c43318ce1780e000a104c.jpg|d6daec29aad84e91a2df0920d5b158ac.jpg	/pʊt ɒf/	engleza	2	B1, verb frazal	2026-05-30 14:29:52.370422	4	0
746	once in a blue moon	Very rarely — used for things that happen so seldom they're almost notable when they do.	Foarte rar — folosit pentru lucruri care se întâmplă atât de rar încât sunt aproape demne de remarcat când se întâmplă.	I see my cousins [TERMEN] now that we all live in different countries — usually only at weddings or funerals.|We eat out [TERMEN] these days; cooking at home has become the default rather than the effort.	30a7eb69b34f41fda30672d78d08ecb3.jpg|b9f9b61779a74b70aeaa198c9db955cc.webp	/wʌns ɪn ə bluː muːn/	engleza	2	B2, expresie	2026-05-30 14:29:52.370422	5	0
747	hit the nail on the head	To say exactly the right thing — to identify the real issue or describe a situation perfectly.	A spune exact ceea ce trebuie — a identifica problema reală sau a descrie o situație perfect.	Her analysis [TERMEN] — the problem wasn't lack of motivation, it was unclear ownership, and once that was fixed everything moved.|You've [TERMEN] — it's not that I don't want to go, it's that I'm exhausted and can't face another social event right now.	ef820303cf334a698f10e37a6137f380.jpg|f06b8cd2d7904bbaa4eccaaa38fcf6bf.jpg	/hɪt ðə neɪl ɒn ðə hed/	engleza	3	C1, expresie	2026-05-30 14:29:52.370422	5	0
748	bite off more than you can chew	To take on more than you can handle — committing to something too big or too complicated for your current resources.	A lua mai mult decât poți face față — angajându-te la ceva prea mare sau prea complicat pentru resursele tale actuale.	I definitely [TERMEN] when I agreed to organise the conference, host visiting family, and finish the report all in the same week.|Junior managers often [TERMEN] in their first six months — they're trying to prove they can do everything, before they've learned what they shouldn't.	cec67219345c44f5833cd49027788aab.jpg|eacc3e1ad21f4dc1899f712b6e152d4f.jpg	/baɪt ɒf mɔːr ðæn ju kæn tʃuː/	engleza	3	C1, expresie	2026-05-30 14:29:52.370422	5	0
704	endurance	The ability to keep going through prolonged physical or mental effort, without giving up when it gets hard.	Capacitatea de a continua printr-un efort fizic sau mental prelungit, fără a renunța când devine greu.	Marathon running tests [TERMEN] in a way that almost no other sport does — the wall hits everyone at mile twenty, regardless of how fit they thought they were.|Mental [TERMEN] often matters more than physical talent — the athletes who win are the ones who can suffer longer than their competitors.	63ceb0a4a5c84acab6fcf9cfd4c0e1e6.webp|3beee0097cb340e2b8c99d51f0a182f3.jpg	/ɪnˈdjʊə.rəns/	engleza	3	C1, substantiv	2026-05-30 14:29:52.370422	1	6
727	breathtaking	So beautiful or impressive that it momentarily takes your breath away — used for views, performances, or moments.	Atât de frumos sau impresionant încât îți taie respirația pentru o clipă — folosit pentru priveliști, spectacole sau momente.	The view from the summit was genuinely [TERMEN] — the kind of moment where photos can't come close to the experience.|Her performance was [TERMEN], not because the technique was perfect, but because something raw came through that you couldn't fake.	6895f921d0244df98e77548d9f610fec.jpg|a4d60dc517db424d83e110dc334b0085.jpg	/ˈbreθˌteɪ.kɪŋ/	engleza	3	B2, adjectiv	2026-05-30 14:29:52.370422	3	8
692	know like the back of your hand	To know something extremely well, in great detail — usually from long experience.	A cunoaște ceva extrem de bine, în detaliu — de obicei din lungă experiență.	After thirty years of teaching in the same city, she [TERMEN]s every shortcut, school, and neighbourhood quirk.|He claimed to [TERMEN] the company's codebase, but when something broke at 3 AM, even he had to read the documentation.	92900e18a4f54112a386e8c00e5c70fa.jpg|452e5f55368643e088e86b38a023daa7.jpg	/nəʊ laɪk ðə bæk əv jər hænd/	engleza	3	C1, expresie	2026-05-30 12:19:35.595636	5	4
740	inspire	To make someone feel motivated and full of energy to do something — usually something better, harder, or more meaningful.	A face pe cineva să se simtă motivat și plin de energie pentru a face ceva — de obicei ceva mai bun, mai greu sau mai semnificativ.	Her story doesn't just [TERMEN] you — it makes you embarrassed you've been making excuses about much smaller obstacles.|Good teachers don't [TERMEN] through speeches; they [TERMEN] by quietly showing what taking the work seriously looks like.	767b37ce3f4f465e9185c0640bc0e747.webp|87fc397eb8634ac782ba8897921ef9e8.jpg	/ɪnˈspaɪər/	engleza	2	B1, verb	2026-05-30 14:29:52.370422	2	0
649	leverage	To use something you already have (resources, skills, relationships) in a strategic way to gain greater advantage.	A folosi în mod strategic ceva ce ai deja (resurse, abilități, relații) pentru a obține un avantaj mai mare.	The startup [TERMEN]d its early Twitter following to launch the product with almost zero marketing budget.|Senior consultants [TERMEN] decades of client relationships to open doors that newcomers cannot.	d140a762c2d14b2281ef329a6a54e424.jpg|dd24d198789a46f9bf259448e3aa65c0.jpg	/ˈliː.vər.ɪdʒ/	engleza	3	C1, verb	2026-05-30 12:19:35.595636	2	1
655	overhead	The ongoing fixed costs of running a business — rent, utilities, salaries — independent of how much you produce or sell.	Costurile fixe continue de funcționare ale unei afaceri — chiria, utilitățile, salariile — independent de cât produci sau vinzi.	Their fancy downtown office sounded impressive until we realised the [TERMEN] was eating thirty percent of every dollar earned.|Remote-first companies have a structural advantage because their [TERMEN] is a fraction of what traditional firms pay for real estate.	33ba454f9e35404f9ea56fcc433a12dc.jpg|a16339e77f944f509366f61ed1f1be83.jpg	/ˈəʊ.və.hed/	engleza	2	B2, substantiv	2026-05-30 12:19:35.595636	1	1
662	legacy	Old technology or code that is still in active use, often because replacing it would be expensive or risky.	Tehnologie sau cod vechi care este încă în uz activ, adesea pentru că înlocuirea ar fi scumpă sau riscantă.	Most major banks still rely on COBOL [TERMEN] systems written in the 1970s, and finding engineers who can maintain them is increasingly hard.|Migrating off a [TERMEN] platform is rarely about technology — it's about risk, training, and convincing leadership the pain is worth it.	8442c8f77c714912b35ebed87b480bf0.webp|cca7d8d0d6c34854a48c621ad41653b8.jpg	/ˈleɡ.ə.si/	engleza	3	C1, adjectiv	2026-05-30 12:19:35.595636	3	2
670	on the cutting edge	At the very newest stage of development in a field — using technology that most people haven't even heard of yet.	În cel mai nou stadiu de dezvoltare într-un domeniu — folosind tehnologie de care majoritatea oamenilor nici nu au auzit încă.	The lab works [TERMEN] of brain-computer interfaces, with results that sound like science fiction five years ago.|Being [TERMEN] is exciting but expensive — you're paying to discover all the bugs that early adopters always find.	6592b17c263f4e8d8672067efef4dc29.jpg|9ae51362dfe94dafa23c08d972db1d8d.webp	/ɒn ðə ˈkʌt.ɪŋ edʒ/	engleza	3	C1, expresie	2026-05-30 12:19:35.595636	5	2
675	side effect	An unintended additional effect of a medication or treatment, separate from its main intended purpose.	Un efect suplimentar neintenționat al unui medicament sau tratament, separat de scopul său principal.	The medication worked, but the [TERMEN]s — constant nausea and dizziness — made her question whether the cure was worse than the disease.|Pharmaceutical companies are legally required to disclose every [TERMEN], even ones observed in just a handful of trial participants.	581f281b37324387a5717d645cf80a0f.jpg|032578337f344e519ed3dc06fc1ec944.jpg	/ˈsaɪd ɪˌfekt/	engleza	2	B2, substantiv	2026-05-30 12:19:35.595636	1	3
682	curriculum	The full set of courses, content, and learning experiences that a school or program offers students.	Setul complet de cursuri, conținut și experiențe de învățare pe care o școală sau un program le oferă studenților.	Finland regularly rethinks its national [TERMEN], adding things like media literacy decades before other countries notice they need it.|Designing a coding [TERMEN] for ten-year-olds is harder than designing one for adults because you have to teach concepts and reading at the same time.	f995e53035db49d59b4971cb4d58e6e9.jpg|897a6b9e0d804f3bbd807ec0a2506f19.jpg	/kəˈrɪk.jə.ləm/	engleza	3	B2, substantiv	2026-05-30 12:19:35.595636	1	4
693	heritage	The traditions, languages, buildings, and values passed down within a family, community, or nation over generations.	Tradițiile, limbile, clădirile și valorile transmise în cadrul unei familii, comunități sau națiuni de-a lungul generațiilor.	Her grandmother taught her to cook traditional recipes specifically because she worried that the family's [TERMEN] would disappear within a single generation in a new country.|Some cities now charge a small tax on tourists to maintain the historical [TERMEN] that visitors come to see in the first place.	05cb2d8fad0b4baeb6d54b22cf3de0e1.jpg|66868cac2a73412482d87586d52c683b.jpg	/ˈher.ɪ.tɪdʒ/	engleza	3	B2, substantiv	2026-05-30 12:19:35.595636	1	5
\.


--
-- Data for Name: progres_cuvinte; Type: TABLE DATA; Schema: public; Owner: postgres
--

COPY public.progres_cuvinte ("Id", "UtilizatorId", "CuvantId", "NivelCunoastere", "DataUrmatoareiRevizuiri", "IntervalCurentZile", "NrRaspunsuriCorecte", "NrRaspunsuriGresite", "DataPrimeiIntalniri", "DataUltimeiRevizuiri", "ProgresStartUrmator", "EsteIgnorat") FROM stdin;
39	2	691	5	2026-11-29	180	4	0	2026-06-02 15:45:55.983293	2026-06-02 15:46:51.515976	40	f
40	2	677	5	2026-11-29	180	4	0	2026-06-02 15:46:22.072644	2026-06-02 15:46:53.641175	40	f
43	2	744	3	2026-06-11	5	2	0	2026-06-05 15:01:44.972097	2026-06-06 15:02:40.446484	0	f
44	2	707	3	2026-06-15	5	2	0	2026-06-06 15:02:53.345159	2026-06-10 15:18:03.203353	0	f
41	2	669	4	2026-06-20	10	4	2	2026-06-02 15:49:23.156363	2026-06-10 15:18:11.256846	0	f
46	2	697	4	2026-06-20	10	3	0	2026-06-03 15:15:18.968858	2026-06-10 15:18:39.107526	0	f
45	2	674	2	2026-06-11	1	3	2	2026-06-03 15:14:56.250966	2026-06-10 15:19:07.362125	0	f
42	2	710	4	2026-06-20	10	4	1	2026-06-03 14:58:56.618718	2026-06-10 15:18:29.113401	0	f
\.


--
-- Data for Name: raspunsuri_detaliate; Type: TABLE DATA; Schema: public; Owner: postgres
--

COPY public.raspunsuri_detaliate ("Id", "ProgresCuvantId", "SesiuneId", "TipRaspuns", "Calitate", "EsteCorect", "TimpRaspunsSec", "TextTastat", "Timestamp") FROM stdin;
114	41	67	0	2	t	8	\N	2026-06-03 14:58:42.507819
115	42	67	1	3	t	7	warm up	2026-06-03 14:58:56.642042
116	41	68	1	0	f	3		2026-06-04 14:59:55.339058
117	42	68	1	0	f	1		2026-06-04 14:59:58.72767
118	41	68	0	2	t	3	\N	2026-06-04 15:00:05.140353
119	41	68	1	3	t	6	back up	2026-06-04 15:00:12.191715
120	42	68	0	2	t	10	\N	2026-06-04 15:00:25.554947
121	42	68	1	3	t	4	warm up	2026-06-04 15:00:31.441206
122	43	69	1	3	t	11	look forward to	2026-06-05 15:01:45.023021
123	43	70	1	3	t	6	look forward to	2026-06-06 15:02:40.498904
124	44	70	1	3	t	5	coach	2026-06-06 15:02:53.381746
125	45	71	1	0	f	9	identify	2026-06-03 15:14:56.286899
126	46	71	1	3	t	17	embrace	2026-06-03 15:15:18.980529
127	45	71	1	3	t	5	diagnose	2026-06-03 15:15:34.368578
128	46	72	1	3	t	10	embrace	2026-06-04 15:16:33.045997
129	45	72	1	3	t	16	diagnose	2026-06-04 15:16:50.700615
130	44	73	1	3	t	6	coach\\	2026-06-10 15:18:03.235401
131	41	73	1	3	t	6	back up	2026-06-10 15:18:11.263087
132	42	74	1	3	t	5	warm up	2026-06-10 15:18:29.118925
133	46	74	1	3	t	8	embrace	2026-06-10 15:18:39.111335
134	45	74	1	0	f	8	waesrbgh	2026-06-10 15:18:50.753602
135	45	74	1	3	t	3	diagnose	2026-06-10 15:19:07.367645
107	39	65	0	2	t	18	\N	2026-06-02 15:45:56.02992
108	40	65	0	2	t	23	\N	2026-06-02 15:46:22.139306
109	39	65	1	3	t	8	pick up	2026-06-02 15:46:31.254465
110	40	65	1	3	t	15	recover	2026-06-02 15:46:47.869868
111	39	65	0	2	t	2	\N	2026-06-02 15:46:51.50725
112	40	65	0	2	t	1	\N	2026-06-02 15:46:53.631746
113	41	66	1	0	f	0		2026-06-02 15:49:23.197776
\.


--
-- Data for Name: sesiuni_studiu; Type: TABLE DATA; Schema: public; Owner: postgres
--

COPY public.sesiuni_studiu ("Id", "UtilizatorId", "DataSesiunii", "DataSfarsitului", "NrCarduriVazute", "NrCorect", "NrGresit", "DurataSec") FROM stdin;
1	2	2026-05-27 16:07:29.703219	\N	0	0	0	0
2	2	2026-05-30 09:24:06.798418	\N	0	0	0	0
3	2	2026-05-30 11:31:04.19058	\N	0	0	0	0
4	2	2026-05-30 11:46:34.703745	2026-05-30 11:49:50.371363	12	11	1	195
5	2	2026-05-30 11:59:24.892334	\N	0	0	0	0
6	2	2026-05-30 12:04:18.007283	\N	0	0	0	0
7	2	2026-05-30 17:50:35.730601	\N	0	0	0	0
8	2	2026-05-30 17:56:02.352268	\N	0	0	0	0
9	2	2026-05-30 17:56:11.813733	\N	0	0	0	0
10	2	2026-05-30 17:58:52.579883	\N	0	0	0	0
11	2	2026-05-30 17:59:59.313082	\N	0	0	0	0
12	2	2026-05-30 18:11:24.970489	\N	0	0	0	0
13	2	2026-05-30 18:16:42.352266	\N	0	0	0	0
14	2	2026-05-30 18:18:18.27844	\N	0	0	0	0
15	2	2026-05-30 18:19:16.337148	\N	0	0	0	0
16	2	2026-05-30 18:25:16.19573	\N	0	0	0	0
17	2	2026-05-30 18:27:03.604138	\N	0	0	0	0
18	2	2026-05-30 18:28:02.596188	\N	0	0	0	0
19	2	2026-05-30 18:28:08.729515	\N	0	0	0	0
20	2	2026-05-30 18:29:13.35159	2026-05-30 18:31:03.995526	14	12	2	110
21	2	2026-05-30 18:36:18.463346	2026-05-30 18:38:24.516423	18	14	4	126
22	2	2026-05-30 18:42:13.365912	2026-05-30 18:44:34.555979	18	14	4	141
23	2	2026-05-30 18:45:02.562149	\N	0	0	0	0
24	2	2026-05-30 18:48:00.576526	\N	0	0	0	0
25	2	2026-05-30 18:48:29.967421	\N	0	0	0	0
26	2	2026-05-30 18:49:17.330623	\N	0	0	0	0
27	2	2026-05-30 18:51:49.465403	\N	0	0	0	0
28	2	2026-05-30 19:04:10.085218	\N	0	0	0	0
29	2	2026-05-30 19:04:45.399647	2026-05-30 19:05:00.474731	4	2	2	15
30	2	2026-05-30 19:05:40.082138	2026-05-30 19:05:46.069235	2	2	0	5
31	2	2026-05-30 19:05:53.567015	\N	0	0	0	0
32	2	2026-05-30 19:09:57.404666	\N	0	0	0	0
33	2	2026-05-30 19:10:24.683528	\N	0	0	0	0
34	2	2026-05-31 06:28:54.33586	\N	0	0	0	0
35	2	2026-05-31 06:39:12.028366	\N	0	0	0	0
36	2	2026-05-31 06:45:32.039228	\N	0	0	0	0
37	2	2026-05-31 07:44:04.949711	\N	0	0	0	0
38	2	2026-05-31 07:45:01.499168	\N	0	0	0	0
39	2	2026-05-31 07:49:30.237633	\N	0	0	0	0
40	2	2026-05-31 07:51:25.722192	\N	0	0	0	0
41	2	2026-05-31 17:32:22.234766	2026-05-31 17:32:32.077426	2	2	0	9
42	2	2026-05-31 17:32:43.946369	\N	0	0	0	0
43	2	2026-05-31 17:33:02.100928	\N	0	0	0	0
44	2	2026-05-31 17:33:29.383456	\N	0	0	0	0
45	2	2026-05-31 17:42:23.190075	\N	0	0	0	0
46	2	2026-05-31 17:43:40.396359	\N	0	0	0	0
47	2	2026-05-31 18:18:15.84468	\N	0	0	0	0
48	2	2026-05-31 18:23:54.756954	\N	0	0	0	0
49	2	2026-05-31 18:30:39.845057	\N	0	0	0	0
50	2	2026-05-31 18:58:22.595649	\N	0	0	0	0
51	2	2026-05-31 18:58:32.058454	\N	0	0	0	0
52	2	2026-05-31 18:58:40.620627	2026-05-31 18:58:48.467452	2	2	0	7
53	2	2026-06-01 18:14:14.604341	2026-06-01 18:14:22.974301	2	2	0	8
54	2	2026-06-01 18:14:45.243254	2026-06-01 18:14:53.507739	2	2	0	8
55	2	2026-06-01 18:19:36.57788	2026-06-01 18:19:45.241726	2	2	0	8
56	2	2026-06-01 18:29:06.588817	2026-06-01 18:29:14.725754	2	2	0	8
57	2	2026-06-01 18:38:19.870766	2026-06-01 18:39:16.810098	7	6	1	56
58	2	2026-06-02 18:40:12.416196	2026-06-02 18:41:02.979216	7	6	1	50
59	2	2026-06-02 18:54:49.14889	2026-06-02 18:55:24.679208	6	4	2	35
60	2	2026-06-02 18:55:40.138163	2026-06-02 18:56:34.269244	10	6	4	54
61	2	2026-06-02 19:01:53.175511	2026-06-02 19:02:24.842698	6	5	1	31
62	2	2026-06-01 19:11:42.359975	2026-06-01 19:12:08.985306	6	5	1	26
63	2	2026-06-01 19:20:19.146805	2026-06-01 19:20:42.876058	4	4	0	23
64	2	2026-06-02 15:45:27.144756	\N	0	0	0	0
65	2	2026-06-02 15:45:37.794042	2026-06-02 15:46:54.170987	2	2	0	76
66	2	2026-06-02 15:49:17.457275	\N	0	0	0	0
67	2	2026-06-03 14:58:33.520991	2026-06-03 14:58:59.237892	3	3	0	25
68	2	2026-06-04 14:59:51.691655	2026-06-04 15:00:32.729072	6	4	2	41
69	2	2026-06-05 15:01:20.911539	\N	0	0	0	0
70	2	2026-06-06 15:02:33.431556	2026-06-06 15:02:55.017827	3	3	0	21
71	2	2026-06-03 15:14:24.213364	2026-06-03 15:15:41.290676	6	5	1	77
72	2	2026-06-04 15:16:21.547518	2026-06-04 15:16:53.181553	2	2	0	31
73	2	2026-06-10 15:17:56.433832	2026-06-10 15:18:12.629231	2	2	0	16
74	2	2026-06-10 15:18:23.42234	2026-06-10 15:19:12.71926	6	4	2	49
75	2	2026-06-10 15:19:38.1397	\N	0	0	0	0
76	2	2026-06-10 15:46:13.01072	\N	0	0	0	0
77	2	2026-06-10 15:47:52.487439	\N	0	0	0	0
78	2	2026-06-10 16:08:30.171831	\N	0	0	0	0
79	2	2026-06-10 16:10:01.532413	\N	0	0	0	0
80	2	2026-06-03 16:12:03.444143	\N	0	0	0	0
81	2	2026-06-03 16:12:44.09811	\N	0	0	0	0
82	2	2026-06-03 16:13:18.139431	\N	0	0	0	0
83	2	2026-06-03 16:19:56.759819	\N	0	0	0	0
84	2	2026-06-03 16:23:19.423243	\N	0	0	0	0
85	2	2026-06-03 16:26:18.333737	\N	0	0	0	0
86	2	2026-06-03 16:32:39.126211	\N	0	0	0	0
87	2	2026-06-03 16:33:42.050839	\N	0	0	0	0
88	2	2026-06-03 16:40:00.291294	\N	0	0	0	0
89	2	2026-06-03 16:40:56.522038	\N	0	0	0	0
90	2	2026-06-04 17:19:40.482739	\N	0	0	0	0
91	2	2026-06-04 17:42:16.441519	\N	0	0	0	0
92	2	2026-06-04 17:46:22.512435	2026-06-04 17:46:32.054865	0	0	0	9
93	2	2026-06-04 17:54:57.475125	2026-06-04 17:55:05.307294	0	0	0	7
94	2	2026-06-04 17:56:27.722884	\N	0	0	0	0
95	2	2026-06-04 18:21:55.042563	\N	0	0	0	0
96	2	2026-06-04 18:22:36.284445	\N	0	0	0	0
97	2	2026-06-04 19:03:47.197632	2026-06-04 19:03:56.246115	3	2	1	9
98	2	2026-06-05 16:47:17.290562	2026-06-05 16:47:33.642607	0	0	0	16
99	2	2026-06-05 17:59:29.167914	\N	0	0	0	0
100	2	2026-06-05 19:55:33.168712	\N	0	0	0	0
\.


--
-- Data for Name: utilizatori; Type: TABLE DATA; Schema: public; Owner: postgres
--

COPY public.utilizatori ("Id", "NumeUtilizator", "Email", "ParolaHash", "DataInregistrarii", "UltimaAutentificare", "CarduriNoiPerZi", "MaxCarduriPerSesiune", "Rol") FROM stdin;
1	usm	usm@gmail.com	$2a$12$xrH9xFZs4MCrQCNsWkAaOuuAcGpqOMYecXh0MrJGhkXd9qpChJtBq	2026-05-25 11:36:43.883721	2026-05-25 18:25:57.677391	10	20	0
2	admin	admin@gmail.com	$2a$12$4PieejxZh6ZVucC9v3/oxeqBcV.CXgMNfgUTJfjucTiiCmzwLXJCy	2026-05-25 13:32:15.213698	2026-06-06 12:30:55.461765	10	20	1
3	ion	ion@gmail.com	$2a$12$A1OsYVNikmnrZpzBe5FjUORctv8zrrK3U18cidQZPy6bYmJ5mnere	2026-06-06 12:37:40.928619	2026-06-06 12:48:04.786824	10	20	0
\.


--
-- Name: cuvinte_Id_seq; Type: SEQUENCE SET; Schema: public; Owner: postgres
--

SELECT pg_catalog.setval('public."cuvinte_Id_seq"', 748, true);


--
-- Name: progres_cuvinte_Id_seq; Type: SEQUENCE SET; Schema: public; Owner: postgres
--

SELECT pg_catalog.setval('public."progres_cuvinte_Id_seq"', 46, true);


--
-- Name: raspunsuri_detaliate_Id_seq; Type: SEQUENCE SET; Schema: public; Owner: postgres
--

SELECT pg_catalog.setval('public."raspunsuri_detaliate_Id_seq"', 135, true);


--
-- Name: sesiuni_studiu_Id_seq; Type: SEQUENCE SET; Schema: public; Owner: postgres
--

SELECT pg_catalog.setval('public."sesiuni_studiu_Id_seq"', 100, true);


--
-- Name: utilizatori_Id_seq; Type: SEQUENCE SET; Schema: public; Owner: postgres
--

SELECT pg_catalog.setval('public."utilizatori_Id_seq"', 3, true);


--
-- Name: cuvinte PK_cuvinte; Type: CONSTRAINT; Schema: public; Owner: postgres
--

ALTER TABLE ONLY public.cuvinte
    ADD CONSTRAINT "PK_cuvinte" PRIMARY KEY ("Id");


--
-- Name: progres_cuvinte PK_progres_cuvinte; Type: CONSTRAINT; Schema: public; Owner: postgres
--

ALTER TABLE ONLY public.progres_cuvinte
    ADD CONSTRAINT "PK_progres_cuvinte" PRIMARY KEY ("Id");


--
-- Name: raspunsuri_detaliate PK_raspunsuri_detaliate; Type: CONSTRAINT; Schema: public; Owner: postgres
--

ALTER TABLE ONLY public.raspunsuri_detaliate
    ADD CONSTRAINT "PK_raspunsuri_detaliate" PRIMARY KEY ("Id");


--
-- Name: sesiuni_studiu PK_sesiuni_studiu; Type: CONSTRAINT; Schema: public; Owner: postgres
--

ALTER TABLE ONLY public.sesiuni_studiu
    ADD CONSTRAINT "PK_sesiuni_studiu" PRIMARY KEY ("Id");


--
-- Name: utilizatori PK_utilizatori; Type: CONSTRAINT; Schema: public; Owner: postgres
--

ALTER TABLE ONLY public.utilizatori
    ADD CONSTRAINT "PK_utilizatori" PRIMARY KEY ("Id");


--
-- Name: IX_progres_cuvinte_CuvantId; Type: INDEX; Schema: public; Owner: postgres
--

CREATE INDEX "IX_progres_cuvinte_CuvantId" ON public.progres_cuvinte USING btree ("CuvantId");


--
-- Name: IX_raspunsuri_detaliate_ProgresCuvantId; Type: INDEX; Schema: public; Owner: postgres
--

CREATE INDEX "IX_raspunsuri_detaliate_ProgresCuvantId" ON public.raspunsuri_detaliate USING btree ("ProgresCuvantId");


--
-- Name: IX_raspunsuri_detaliate_SesiuneId; Type: INDEX; Schema: public; Owner: postgres
--

CREATE INDEX "IX_raspunsuri_detaliate_SesiuneId" ON public.raspunsuri_detaliate USING btree ("SesiuneId");


--
-- Name: IX_sesiuni_studiu_UtilizatorId; Type: INDEX; Schema: public; Owner: postgres
--

CREATE INDEX "IX_sesiuni_studiu_UtilizatorId" ON public.sesiuni_studiu USING btree ("UtilizatorId");


--
-- Name: IX_utilizatori_Email; Type: INDEX; Schema: public; Owner: postgres
--

CREATE UNIQUE INDEX "IX_utilizatori_Email" ON public.utilizatori USING btree ("Email");


--
-- Name: IX_utilizatori_NumeUtilizator; Type: INDEX; Schema: public; Owner: postgres
--

CREATE UNIQUE INDEX "IX_utilizatori_NumeUtilizator" ON public.utilizatori USING btree ("NumeUtilizator");


--
-- Name: ix_cuvinte_domeniu; Type: INDEX; Schema: public; Owner: postgres
--

CREATE INDEX ix_cuvinte_domeniu ON public.cuvinte USING btree ("Domeniu");


--
-- Name: ix_cuvinte_tip; Type: INDEX; Schema: public; Owner: postgres
--

CREATE INDEX ix_cuvinte_tip ON public.cuvinte USING btree ("Tip");


--
-- Name: ix_progres_azi; Type: INDEX; Schema: public; Owner: postgres
--

CREATE INDEX ix_progres_azi ON public.progres_cuvinte USING btree ("UtilizatorId", "DataUrmatoareiRevizuiri");


--
-- Name: uq_progres_utilizator_cuvant; Type: INDEX; Schema: public; Owner: postgres
--

CREATE UNIQUE INDEX uq_progres_utilizator_cuvant ON public.progres_cuvinte USING btree ("UtilizatorId", "CuvantId");


--
-- Name: progres_cuvinte FK_progres_cuvinte_cuvinte_CuvantId; Type: FK CONSTRAINT; Schema: public; Owner: postgres
--

ALTER TABLE ONLY public.progres_cuvinte
    ADD CONSTRAINT "FK_progres_cuvinte_cuvinte_CuvantId" FOREIGN KEY ("CuvantId") REFERENCES public.cuvinte("Id") ON DELETE RESTRICT;


--
-- Name: progres_cuvinte FK_progres_cuvinte_utilizatori_UtilizatorId; Type: FK CONSTRAINT; Schema: public; Owner: postgres
--

ALTER TABLE ONLY public.progres_cuvinte
    ADD CONSTRAINT "FK_progres_cuvinte_utilizatori_UtilizatorId" FOREIGN KEY ("UtilizatorId") REFERENCES public.utilizatori("Id") ON DELETE CASCADE;


--
-- Name: raspunsuri_detaliate FK_raspunsuri_detaliate_progres_cuvinte_ProgresCuvantId; Type: FK CONSTRAINT; Schema: public; Owner: postgres
--

ALTER TABLE ONLY public.raspunsuri_detaliate
    ADD CONSTRAINT "FK_raspunsuri_detaliate_progres_cuvinte_ProgresCuvantId" FOREIGN KEY ("ProgresCuvantId") REFERENCES public.progres_cuvinte("Id") ON DELETE CASCADE;


--
-- Name: raspunsuri_detaliate FK_raspunsuri_detaliate_sesiuni_studiu_SesiuneId; Type: FK CONSTRAINT; Schema: public; Owner: postgres
--

ALTER TABLE ONLY public.raspunsuri_detaliate
    ADD CONSTRAINT "FK_raspunsuri_detaliate_sesiuni_studiu_SesiuneId" FOREIGN KEY ("SesiuneId") REFERENCES public.sesiuni_studiu("Id") ON DELETE SET NULL;


--
-- Name: sesiuni_studiu FK_sesiuni_studiu_utilizatori_UtilizatorId; Type: FK CONSTRAINT; Schema: public; Owner: postgres
--

ALTER TABLE ONLY public.sesiuni_studiu
    ADD CONSTRAINT "FK_sesiuni_studiu_utilizatori_UtilizatorId" FOREIGN KEY ("UtilizatorId") REFERENCES public.utilizatori("Id") ON DELETE CASCADE;


--
-- PostgreSQL database dump complete
--

